id,text
1,"Hello, this is your bank calling. We have noticed some suspicious activity on your account. To protect your funds, we need your account details for verification purposes."
2,"Good day! You've won a free vacation package to an exotic destination. To claim your prize, please provide your personal information."
3,"This is the police department calling. We have identified a security breach in your neighborhood. We require your address and social security number for investigation purposes."
4,"Congratulations! You've been selected as the winner of a cash prize. To receive your winnings, please share your bank account details."
5,"We regret to inform you that your insurance policy is about to expire. To renew your policy, please provide your credit card information over the phone."
6,"This is the tax department calling. You have an outstanding tax payment that needs to be settled immediately. To avoid legal consequences, provide your payment details."
7,"We have detected unauthorized access to your email account. To secure your account, we need your email password and security question answers."
8,"Your computer has been infected with a virus. To fix the issue, we need remote access to your device. Please download the software we provide and follow the instructions."
9,"You've been selected for a special discount on a luxury product. To claim the offer, share your credit card information for verification."
10,"We are conducting a survey on behalf of your internet service provider. Kindly provide your login credentials for quality assurance purposes."
11,"This is an urgent message from the immigration office. Your residency status is in question, and we need your personal details to resolve the matter."
12,"Congratulations! You've won a brand new car in a lucky draw. To claim your prize, share your driver's license and registration details."
13,"We have detected fraudulent activity on your credit card. To prevent any unauthorized charges, please provide your card number, expiry date, and CVV."
14,"You've been pre-approved for a loan with low-interest rates. To proceed with the application, we require your social security number and employment details."
15,"Hello, this is the lottery commission. You've won a substantial cash prize. To claim your winnings, provide your bank account information for the transfer."
16,"Your account has been compromised. To secure your funds, we need your online banking credentials. Please provide your username and password."
17,"We are calling from the government grant department. You qualify for a grant. To receive the funds, provide your bank account details for verification."
18,"Your PayPal account has been suspended due to suspicious activity. To reactivate it, we need your login credentials and a photo ID for verification."
19,"This is the customer service department of a popular online store. Your recent order requires additional information. Please provide your credit card details for verification."
20,"You've won a trip to a luxurious resort. To claim your prize, we need your credit card information for verification purposes."
21,"We regret to inform you that your social media account has been hacked. To recover it, please share your login credentials with us."
22,"This is an urgent message from the electricity company. Your bill is overdue, and we require immediate payment. Please provide your credit card details for processing."
23,"Congratulations! You've been selected as a beta tester for a new mobile app. To participate, we need your email address and app store account details."
24,"We are calling from the charity organization. Your generous donation will make a difference. To contribute, please provide your credit card information."
25,"Your antivirus software has expired. To renew the license, provide your payment details over the phone."
26,"Hello, this is the investment company. We have a lucrative opportunity for you. To proceed, we need your bank account details for fund transfer."
27,"We have detected a security breach on your social media account. To secure it, please provide your username, password, and date of birth."
28,"You've won a free trial for a premium subscription. To activate it, we need your credit card information for verification."
29,"This is the warranty department calling. Your product warranty is about to expire. To extend it, provide your purchase details and credit card information."
30,"Congratulations! You've been selected as the winner of a shopping spree. To claim your prize, share your credit card details for verification."
31,"We are calling from the government census bureau. To update your information, we need your social security number and home address."
32,"Your email account has been hacked. To recover it, we need your email address, password, and security question answers."
33,"This is the technical support team. Your computer has a critical issue. To fix it, we need your credit card information for the repair service."
34,"You've been selected for a cashback reward program. To participate, provide your credit card details for enrollment."
35,"We are conducting a survey on behalf of your insurance provider. To participate, provide your policy number and personal information."
36,"Congratulations! You've won a luxury watch. To receive your prize, share your address and credit card details for shipping."
37,"This is the government tax office. You have unpaid taxes. To avoid legal consequences, provide your payment details."
38,"You've qualified for a discount on your utility bills. To apply the discount, we require your social security number and account details."
39,"We are calling from the technical support team. Your internet connection has been compromised. To resolve the issue, provide your login credentials."
40,"Congratulations! You've won a vacation package to an exclusive destination. To claim your prize, provide your personal information."
41,"This is the credit card company calling. Your card has been locked for security reasons. To unlock it, provide your card number and security code."
42,"You've been selected for a survey on consumer preferences. To participate, provide your personal information and credit card details."
43,"We have detected a security breach on your online gaming account. To secure it, please provide your username, password, and date of birth."
44,"Hello, this is the health insurance company. We have a special offer for you. To proceed, we need your social security number and bank account details."
45,"Congratulations! You've won a cash prize in a lottery. To claim your winnings, share your bank account information for the transfer."
46,"We are calling from the charity foundation. Your support can change lives. To donate, please provide your credit card information."
47,"Your email account has been flagged for suspicious activity. To secure it, please share your email address, password, and security question answers."
48,"This is the government immigration office. Your visa application is pending verification. To proceed, provide your personal details and passport information."
49,"You've been selected for a limited-time offer. To claim the discount, provide your credit card details for verification."
50,"We are conducting a survey on behalf of a research organization. To participate, provide your personal information and credit card details."
51,"Hello, this is your internet service provider. Your connection is compromised. To fix it, we need your login credentials and credit card information."
52,"Congratulations! You've won a grand prize in a lucky draw. To claim your winnings, provide your personal information and bank account details."
53,"We regret to inform you that your credit card has been compromised. To secure your account, please provide your card number, expiration date, and CVV."
54,"This is the government census bureau. We need your social security number and home address for population data collection."
55,"You've been selected as a beta tester for a new software release. To participate, provide your email address and software preferences."
56,"We have detected suspicious activity on your social media account. To protect your privacy, please provide your username, password, and security answers."
57,"Congratulations! You've won a luxury vacation package. To claim your prize, share your personal details and credit card information for booking."
58,"This is the bank's fraud department. We suspect unauthorized access to your account. To verify your identity, provide your account number and PIN."
59,"You've qualified for a special discount on home improvement services. To proceed, provide your address and credit card details for registration."
60,"We are conducting a customer satisfaction survey on behalf of your mobile service provider. To participate, provide your phone number and personal feedback."
61,"Hello, this is the travel agency. You've been selected for a free trip. To claim your package, provide your passport details and payment information."
62,"Your email account has been compromised. To secure it, please provide your email address, password, and alternative contact information."
63,"This is the credit card company calling. Your card has been temporarily blocked. To unblock it, provide your card number, expiration date, and CVV."
64,"You've won a cash reward for being a loyal customer. To receive your prize, provide your personal information and bank account details for transfer."
65,"We have identified a security breach in your online banking account. To protect your funds, please provide your username, password, and security code."
66,"Congratulations! You've won a free membership to a fitness club. To claim your membership, share your personal details and credit card information."
67,"This is the government tax office. Your tax refund is pending. To process the refund, provide your social security number and bank account details."
68,"You've been selected for a survey on consumer preferences. To participate, provide your personal information and credit card details for verification."
69,"We have detected unauthorized activity on your PayPal account. To secure it, please provide your account details and a one-time verification code."
70,"Hello, this is the charity foundation. Your support can make a difference. To donate, provide your credit card information and donation amount."
71,"Congratulations! You've won a shopping voucher worth a substantial amount. To claim your voucher, provide your personal details and payment information."
72,"We are calling from the government grants department. You qualify for a grant. To receive the funds, provide your bank account details and grant application."
73,"Your online gaming account has been compromised. To protect your progress, please provide your username, password, and security question answers."
74,"This is the health insurance company. We have an exclusive offer for you. To proceed, provide your social security number and payment details."
75,"You've won a free trial for a premium streaming service. To activate it, provide your email address, password, and credit card information."
76,"We have detected a security vulnerability in your computer system. To fix it, please provide remote access and your credit card information for the service."
77,"Congratulations! You've won a gift card worth a significant amount. To claim your gift card, share your personal details and payment information."
78,"This is the government immigration office. Your visa application requires additional information. To proceed, provide your passport details and travel history."
79,"You've been selected for a limited-time offer on home appliances. To claim the discount, provide your address and credit card details for purchase."
80,"We are conducting a market research survey. To participate, provide your personal information and credit card details for a chance to win a prize."
81,"Hello, this is the technical support team. Your device has a critical issue. To fix it, provide your device details and credit card information for repair."
82,"Your social media account has been flagged for violating community guidelines. To reinstate your account, please provide your username, password, and email."
83,"This is the bank's verification department. We suspect unauthorized access to your account. To secure it, provide your account number and security answers."
84,"You've qualified for a free trial of a premium software. To activate it, provide your email address, password, and credit card information for verification."
85,"Congratulations! You've won a gift voucher for a luxury shopping spree. To claim your voucher, share your personal details and payment information."
86,"We are calling from the government health department. Your health records need verification. To proceed, provide your social security number and medical history."
87,"Your email account has been compromised. To recover it, please provide your email address, password, and alternative contact information."
88,"This is the credit card company calling. Your card has been flagged for suspicious activity. To verify your transactions, provide your card number, date, and CVV."
89,"You've won a cash prize in a national lottery. To claim your winnings, share your personal information and bank account details for the transfer."
90,"We are conducting a survey on behalf of a market research firm. To participate, provide your personal information and credit card details for validation."
91,"Hello, this is the travel agency. You've been selected for a discounted vacation package. To claim the offer, provide your passport details and payment information."
92,"Your social media account has been compromised. To secure it, please provide your username, password, and security question answers."
93,"This is the government tax office. Your tax refund is pending. To process the refund, provide your social security number, bank account details, and tax filing."
94,"You've been selected for a loyalty rewards program. To participate, provide your personal information and credit card details for enrollment."
95,"We have detected suspicious activity on your online banking account. To protect your funds, please provide your username, password, and security code."
96,"Congratulations! You've won a free trial for a premium membership. To activate it, provide your email address, password, and credit card information."
97,"This is the health insurance company. We have a special offer for you. To proceed, provide your social security number, medical history, and payment details."
98,"You've won a cash prize in a lucky draw. To claim your winnings, share your personal information and bank account details for the transfer."
99,"We are calling from the charity foundation. Your support can make a difference. To donate, provide your credit card information and donation amount."
100,"Hello, this is the technical support team. We have identified a security vulnerability in your computer. To fix it, provide your device details and credit card information."
101,"Caller: Good day! This is the security department of your bank. We have noticed suspicious activity on your account. Please provide your account number and PIN for verification purposes."
102,"Caller: Hello, this is the IRS. You have an outstanding tax payment and will face legal consequences if not resolved immediately. Please provide your Social Security number and make the payment."
103,"Caller: Hi, this is the tech support team from a well-known software company. We have detected a virus on your computer. To fix it, we need remote access to your device. Can you provide it?"
104,"Caller: Good afternoon! This is the customer service of your credit card provider. We suspect fraudulent activity on your card. Please confirm your card details and recent transactions."
105,"Caller: Hello, this is the lottery agency. Congratulations! You have won a huge sum of money. To claim your prize, please provide your bank account details for the transfer."
106,"Caller: Hi, this is the customer care department of your internet service provider. Your internet connection has been compromised. Please share your username and password for troubleshooting."
107,"Caller: Good day! This is the technical team from a popular social media platform. Your account has been hacked. To secure it, please provide your login credentials."
108,"Caller: Hello, this is the police department. We have received reports of identity theft linked to your name. To assist in the investigation, please confirm your personal information."
109,"Caller: Hi, this is your insurance company. We have revised our policy and need to update your information. Can you verify your full name, address, and social security number?"
110,"Caller: Good afternoon! This is the representative from a well-known charity organization. We appreciate your past donations. To continue supporting us, please provide your credit card details."
111,"Caller: Hello, this is the representative from your investment firm. We have an exclusive investment opportunity with high returns. To proceed, please share your financial information."
112,"Caller: Hi, this is the tech department of your email provider. Your account has been compromised. To secure it, please provide your email address and password."
113,"Caller: Good day! This is the sweepstakes company. You have won a luxury vacation package. To claim your prize, please confirm your personal details and make a small payment."
114,"Caller: Hello, this is the support team of a well-known online retailer. We suspect a fraudulent transaction on your account. To resolve it, please provide your login credentials."
115,"Caller: Hi, this is the representative from a reputable credit reporting agency. We have detected errors on your credit report. Please provide your social security number for verification."
116,"Caller: Good afternoon! This is the representative from a popular travel agency. We have exclusive deals for you. To book, please provide your credit card details."
117,"Caller: Hello, this is your bank. We have detected an unauthorized transaction on your account. Please confirm your account details to reverse the transaction."
118,"Caller: Hi, this is the customer service of a well-known online auction site. There is an issue with your account. Please provide your username and password to resolve it."
119,"Caller: Good day! This is the tech support team from a major computer manufacturer. We have detected a serious issue with your device. To fix it, please share your personal information."
120,"Caller: Hello, this is the representative from a reputable antivirus company. Your computer is infected with malware. To remove it, please provide remote access to your system."
121,"Caller: Hi, this is the customer care department of your mobile service provider. Your SIM card has been compromised. Please confirm your SIM card number and account details."
122,"Caller: Good afternoon! This is the representative from a renowned online payment platform. Your account has been locked. To unlock it, please provide your login credentials."
123,"Caller: Hello, this is the technical team from a well-known streaming service. Your subscription is about to expire. To continue using the service, please update your payment information."
124,"Caller: Hi, this is the representative from your credit card company. We suspect fraudulent activity on your card. Please verify your card details and recent transactions."
125,"Caller: Good day! This is the support department of a popular social networking site. Your account has been flagged for suspicious activity. To resolve it, please provide your login credentials."
126,"Caller: Hello, this is the representative from a reputable financial institution. Your account has been compromised. To secure it, please provide your account number and password."
127,"Caller: Hi, this is the customer care department of your utility company. Your payment is overdue, and your services will be disconnected. Please provide your payment details."
128,"Caller: Good afternoon! This is the representative from a well-known lottery organization. You have won a huge cash prize. To claim it, please share your bank account information."
129,"Caller: Hello, this is the security team of your email provider. Your account has been hacked. To recover it, please provide your email address and password."
130,"Caller: Hi, this is the representative from a renowned credit reporting agency. We have detected suspicious activity on your credit report. Please confirm your social security number."
131,"Caller: Good day! This is the customer service of a popular e-commerce website. Your account has been compromised. To secure it, please provide your login credentials."
132,"Caller: Hello, this is the representative from your credit card provider. There is a billing issue on your account. Please confirm your card details for verification."
133,"Caller: Hi, this is the representative from a well-known charity organization. We appreciate your past donations. To continue supporting us, please provide your credit card information."
134,"Caller: Good afternoon! This is the representative from your investment firm. We have a lucrative investment opportunity for you. To proceed, please share your financial details."
135,"Caller: Hello, this is the tech department of your email provider. Your account has been compromised. To secure it, please provide your email address and password."
136,"Caller: Hi, this is the customer support team from a popular online retailer. We suspect fraudulent activity on your account. Please provide your login credentials."
137,"Caller: Good day! This is the sweepstakes company. You have won a luxury vacation package. To claim your prize, please confirm your personal details and make a payment."
138,"Caller: Hello, this is the representative from a reputable credit reporting agency. We have detected errors on your credit report. Please provide your social security number for verification."
139,"Caller: Hi, this is the customer care department of a well-known travel agency. We have exclusive deals for you. To book, please provide your credit card details."
140,"Caller: Good afternoon! This is your bank. We have detected an unauthorized transaction on your account. Please confirm your account details to reverse the transaction."
141,"Caller: Hello, this is the customer service of a well-known online auction site. There is an issue with your account. Please provide your username and password to resolve it."
142,"Caller: Hi, this is the tech support team from a major computer manufacturer. We have detected a serious issue with your device. To fix it, please share your personal information."
143,"Caller: Good day! This is the representative from a renowned antivirus company. Your computer is infected with malware. To remove it, please provide remote access to your system."
144,"Caller: Hello, this is the customer support department of your mobile service provider. Your SIM card has been compromised. Please confirm your SIM card number and account details."
145,"Caller: Hi, this is the representative from a popular online payment platform. Your account has been locked. To unlock it, please provide your login credentials."
146,"Caller: Good afternoon! This is the technical team from a well-known streaming service. Your subscription is about to expire. To continue using the service, please update your payment information."
147,"Caller: Hello, this is the representative from your credit card company. We suspect fraudulent activity on your card. Please verify your card details and recent transactions."
148,"Caller: Hi, this is the customer care department of a well-known social networking site. Your account has been flagged for suspicious activity. To resolve it, please provide your login credentials."
149,"Caller: Good day! This is the representative from a reputable financial institution. Your account has been compromised. To secure it, please provide your account number and password."
150,"Caller: Hello, this is the customer service of your utility company. Your payment is overdue, and your services will be disconnected. Please provide your payment details."
201,"Caller: Good day! This is the security department of your bank. We have noticed unauthorized access to your account. To secure it, please provide your account number and online banking password."
202,"Caller: Hello, this is the representative from a well-known tech company. Your computer has been infected with a dangerous virus. To remove it, we need your personal information and remote access to your device."
203,"Caller: Hi, this is the customer service department of a popular online marketplace. Your account has been compromised. To regain access, please provide your username, password, and credit card information."
204,"Caller: Good afternoon! This is the representative from a well-known credit card company. We have identified fraudulent charges on your card. To assist you, please verify your card details."
205,"Caller: Hello, this is the customer care department of a reputable airline. Congratulations! You have won a free vacation package. To claim it, please provide your personal and payment information."
206,"Caller: Hi, this is the representative from a trusted government agency. Your identity has been stolen, and we need your social security number and financial details to rectify the issue."
207,"Caller: Good day! This is the technical team from a popular social media platform. Your account has been compromised. To recover it, please share your login credentials for verification."
208,"Caller: Hello, this is the representative from your insurance provider. We have an important update regarding your policy. To proceed, please confirm your policy number and date of birth."
209,"Caller: Hi, this is the customer support department of a well-known online retailer. We suspect fraudulent activity on your account. To resolve it, please provide your account credentials."
210,"Caller: Good afternoon! This is the representative from a renowned charity organization. We appreciate your past contributions. To continue supporting us, please provide your credit card details."
211,"Caller: Hello, this is the representative from your investment firm. We have an exclusive investment opportunity with guaranteed high returns. To proceed, please share your financial information."
212,"Caller: Hi, this is the tech support team from your internet service provider. Your internet connection has been compromised. To fix it, please share your username and password."
213,"Caller: Good day! This is the customer service department of a popular telecommunications company. Your phone has been hacked. To secure it, please provide your SIM card number and account details."
214,"Caller: Hello, this is the representative from a renowned online payment platform. Your account has been temporarily suspended due to suspicious activity. To reactivate it, please provide your login credentials."
215,"Caller: Hi, this is the representative from a well-known software company. We have detected a critical issue with your computer. To resolve it, please provide remote access to your device."
216,"Caller: Good afternoon! This is the customer support department of a popular streaming service. Your subscription is about to expire. To continue enjoying the service, please update your payment information."
217,"Caller: Hello, this is the representative from your credit card provider. There is an urgent matter related to your account. To assist you, please confirm your card details and recent transactions."
218,"Caller: Hi, this is the customer care department of a renowned online auction site. Your account has been flagged for suspicious activity. To resolve it, please provide your username and password."
219,"Caller: Good day! This is the tech support team from a major computer manufacturer. We have identified a security breach on your device. To fix it, please share your personal information."
220,"Caller: Hello, this is the representative from a reputable antivirus company. Your computer is infected with a dangerous virus. To remove it, please provide remote access to your system."
221,"Caller: Hi, this is the customer care department of a well-known mobile service provider. Your SIM card has been compromised. To secure it, please confirm your SIM card number and account details."
222,"Caller: Good afternoon! This is the representative from a popular online payment platform. Your account has been locked due to suspicious activity. To unlock it, please provide your login credentials."
223,"Caller: Hello, this is the technical team from a well-known streaming service. Your subscription has expired, and to continue using the service, we require your payment information."
224,"Caller: Hi, this is the representative from your credit card company. We suspect fraudulent activity on your card. Please verify your card details and recent transactions."
225,"Caller: Good day! This is the support department of a well-known social networking site. Your account has been flagged for suspicious activity. To resolve it, please provide your login credentials."
226,"Caller: Hello, this is the representative from a reputable financial institution. Your account has been compromised. To secure it, please provide your account number and password."
227,"Caller: Hi, this is the customer support department of your utility company. Your payment is overdue, and if not cleared, your services will be disconnected. Please provide your payment details."
228,"Caller: Good afternoon! This is the representative from a renowned lottery organization. Congratulations! You have won a significant cash prize. To claim it, please share your bank account information."
229,"Caller: Hello, this is the security team of your email provider. Your account has been hacked. To recover it, please provide your email address and password."
230,"Caller: Hi, this is the representative from a reputable credit reporting agency. We have detected suspicious activity on your credit report. Please confirm your social security number."
231,"Caller: Good day! This is the customer service department of a popular e-commerce website. Your account has been compromised. To secure it, please provide your login credentials."
232,"Caller: Hello, this is the representative from your credit card provider. There is a billing issue on your account. To assist you, please confirm your card details for verification."
233,"Caller: Hi, this is the representative from a well-known charity organization. We appreciate your past donations. To continue supporting us, please provide your credit card information."
234,"Caller: Good afternoon! This is the representative from your investment firm. We have a lucrative investment opportunity for you. To proceed, please share your financial details."
235,"Caller: Hello, this is the tech department of your email provider. Your account has been compromised. To secure it, please provide your email address and password."
236,"Caller: Hi, this is the customer support department from a popular online retailer. We suspect fraudulent activity on your account. Please provide your login credentials."
237,"Caller: Good day! This is the sweepstakes company. You have won a luxury vacation package. To claim your prize, please confirm your personal details and make a payment."
238,"Caller: Hello, this is the representative from a reputable credit reporting agency. We have detected errors on your credit report. Please provide your social security number for verification."
239,"Caller: Hi, this is the customer care department of a well-known travel agency. We have exclusive deals for you. To book, please provide your credit card details."
240,"Caller: Good afternoon! This is your bank. We have detected an unauthorized transaction on your account. Please confirm your account details to reverse the transaction."
241,"Caller: Hello, this is the customer service department of a well-known online auction site. There is an issue with your account. Please provide your username and password to resolve it."
242,"Caller: Hi, this is the tech support team from a major computer manufacturer. We have detected a serious issue with your device. To fix it, please share your personal information."
243,"Caller: Good day! This is the representative from a reputable antivirus company. Your computer is infected with malware. To remove it, please provide remote access to your system."
244,"Caller: Hello, this is the customer support department of your mobile service provider. Your SIM card has been compromised. Please confirm your SIM card number and account details."
245,"Caller: Hi, this is the representative from a popular online payment platform. Your account has been locked. To unlock it, please provide your login credentials."
246,"Caller: Good afternoon! This is the technical team from a well-known streaming service. Your subscription is about to expire. To continue using the service, please update your payment information."
247,"Caller: Hello, this is the representative from your credit card company. We suspect fraudulent activity on your card. Please verify your card details and recent transactions."
248,"Caller: Hi, this is the customer care department of a well-known social networking site. Your account has been flagged for suspicious activity. To resolve it, please provide your login credentials."
249,"Caller: Good day! This is the representative from a reputable financial institution. Your account has been compromised. To secure it, please provide your account number and password."
250,"Caller: Hello, this is the customer service of your utility company. Your payment is overdue, and your services will be disconnected. Please provide your payment details."