id,text
101,"Hello, this is your mobile service provider. We are calling to inform you about a new promotional offer for unlimited data plans. No sensitive information will be requested during this call."
102,"Congratulations! You have been selected as a winner in a customer loyalty program. As a reward, you will receive a gift voucher in the mail. We just need to confirm your mailing address."
103,"Good afternoon! This is a reminder from your local library regarding the upcoming due dates for borrowed books. Feel free to visit our website for more information."
104,"Hello, this is the customer support team for your favorite online shopping platform. We noticed that you recently made a purchase and wanted to ensure your satisfaction. If you have any concerns, please let us know."
105,"Thank you for being a valued customer of our cable TV services. We are calling to inform you about a new channel lineup that includes additional entertainment options. Enjoy your enhanced viewing experience!"
106,"Hello, this is the customer service department of your credit card company. We noticed a transaction on your account and wanted to confirm its authenticity. If you made the purchase, no action is required."
107,"Good morning! This is your insurance provider calling to provide information about a new policy option that may better suit your needs. Take your time to review the details and contact us if interested."
108,"Hello, this is the travel agency you recently booked a trip with. We are calling to provide you with additional details and confirm your travel itinerary. If you have any questions, feel free to ask."
109,"Thank you for using our ride-sharing service. We noticed that you recently took a trip and wanted to thank you for choosing our platform. We appreciate your business!"
110,"Hello, this is your utility company calling to remind you about an upcoming scheduled maintenance in your area. There will be a temporary interruption in service, but it will be restored shortly."
111,"Good afternoon! This is the customer support team for your favorite online streaming platform. We noticed that you experienced buffering issues and wanted to offer some troubleshooting tips to enhance your streaming experience."
112,"Hello, this is the bank's customer service department. We wanted to inform you about a new savings account option that offers higher interest rates. If you're interested, we can provide more information."
113,"Thank you for being a valued customer of our internet service. We are calling to inform you about an upgrade option that will provide faster internet speeds. Feel free to contact us for more details."
114,"Good morning! This is your fitness center calling to remind you about your upcoming workout session with a personal trainer. We look forward to helping you reach your fitness goals."
115,"Hello, this is your auto dealership reminding you about the scheduled maintenance for your vehicle. It's important to keep your car in good condition for optimal performance and safety."
116,"Thank you for being a loyal customer of our restaurant. We are calling to inform you about our new menu items and special offers. We hope to see you soon!"
117,"Good afternoon! This is the customer support team for your preferred software provider. We noticed that you recently downloaded our application and wanted to ensure a smooth user experience."
118,"Hello, this is your credit card company calling to inform you about a limited-time cashback promotion. Simply use your card for eligible purchases and earn cashback rewards."
119,"Thank you for subscribing to our newsletter. We are calling to provide you with exclusive updates and offers. If you wish to unsubscribe, please let us know."
120,"Good morning! This is your healthcare provider calling to remind you about an upcoming appointment with your primary care physician. If you need to reschedule, please contact our office."
121,"Hello, this is your favorite bookstore calling to let you know about our upcoming book signing event. You'll have the opportunity to meet a popular author. Save the date!"
122,"Thank you for being a valued customer of our home security services. We are calling to offer you an upgrade option with enhanced features for added peace of mind."
123,"Good afternoon! This is your credit union calling to inform you about a special interest rate offer on personal loans. If you're interested in borrowing, we can provide more details."
124,"Hello, this is your wireless provider calling to inform you about a network coverage expansion in your area. You can expect improved signal strength and better call quality."
125,"Thank you for using our online ticketing service. We are calling to inform you about an upcoming concert in your city. Get ready for a memorable evening of music!"
126,"Good morning! This is your insurance agent calling to discuss your policy renewal. We want to ensure that your coverage aligns with your current needs and provide any necessary updates."
127,"Hello, this is your favorite coffee shop calling to let you know about our new seasonal beverages. Treat yourself to a delightful cup of coffee or tea!"
128,"Thank you for being a loyal customer of our electronics store. We are calling to inform you about a special sale event where you can enjoy significant discounts on select products."
129,"Good afternoon! This is the customer support team for your preferred mobile app. We noticed that you recently encountered an issue and wanted to assist you in resolving it."
130,"Hello, this is the pet store where you recently made a purchase. We are calling to offer recommendations for pet care products and answer any questions you may have."
131,"Thank you for being a valued customer of our home improvement store. We are calling to inform you about a flash sale where you can enjoy exclusive discounts on home renovation supplies."
132,"Good morning! This is your cable internet provider calling to inform you about a speed upgrade option. Enjoy faster internet browsing and streaming with our enhanced package."
133,"Hello, this is your dental office calling to remind you about your upcoming dental check-up. Regular dental visits are essential for maintaining oral health."
134,"Thank you for being a loyal customer of our clothing store. We are calling to inform you about a customer appreciation event where you can enjoy exclusive discounts."
135,"Good afternoon! This is the customer support team for your preferred gaming platform. We noticed that you recently encountered a technical issue and wanted to assist you in resolving it."
136,"Hello, this is your preferred airline calling to inform you about a flash sale on domestic flights. Take advantage of discounted fares and plan your next getaway."
137,"Thank you for being a valued customer of our pharmacy. We are calling to inform you about a prescription refill reminder service to ensure you never run out of medication."
138,"Good morning! This is your car rental agency calling to confirm your upcoming reservation. If you have any questions or need assistance, feel free to reach out."
139,"Hello, this is your insurance provider calling to discuss a policy update that may result in lower premiums. We can review your coverage options and provide cost-saving recommendations."
140,"Thank you for being a loyal customer of our grocery store. We are calling to inform you about a special promotion where you can earn loyalty points for future discounts."
141,"Good afternoon! This is the customer support team for your preferred music streaming service. We noticed that you recently encountered a playback issue and wanted to assist you in resolving it."
142,"Hello, this is your favorite bakery calling to inform you about our freshly baked goods for the day. Treat yourself to a delicious pastry or bread!"
143,"Thank you for being a valued customer of our fitness equipment store. We are calling to inform you about a limited-time sale on exercise machines and accessories."
144,"Good morning! This is your online tutoring service calling to remind you about your upcoming tutoring session. We look forward to assisting you with your academic goals."
145,"Hello, this is your preferred car dealership calling to inform you about a special financing offer on new car purchases. Drive home your dream car with affordable monthly payments."
146,"Thank you for being a loyal customer of our home decor store. We are calling to inform you about a clearance sale where you can enjoy significant discounts on select items."
147,"Good afternoon! This is the customer support team for your preferred email provider. We noticed that you recently encountered an issue with your account and wanted to assist you in resolving it."
148,"Hello, this is your favorite restaurant calling to inform you about our weekly specials and promotions. Treat yourself to a delightful dining experience!"
149,"Thank you for being a valued customer of our fitness center. We are calling to inform you about our upcoming group exercise classes. Stay active and join us for a fun workout!"
150,"Good morning! This is your bank calling to provide information about a new savings account option with higher interest rates. If you're interested in saving more, we can discuss the details."
151,"Hello, this is your internet service provider calling to inform you about a network maintenance activity scheduled for tomorrow. You may experience temporary service interruptions during the maintenance window."
152,"Thank you for being a valued customer of our online bookstore. We are calling to recommend some new releases in your favorite genre. Discover exciting books to add to your reading list!"
153,"Good afternoon! This is your preferred credit card company calling to inform you about a cashback rewards program. Earn rewards on your purchases and redeem them for exciting offers."
154,"Hello, this is your healthcare provider calling to remind you about an upcoming appointment with your primary care physician. Please ensure to arrive on time for your scheduled visit."
155,"Thank you for being a loyal customer of our travel agency. We are calling to inform you about a limited-time discount on vacation packages. Start planning your next getaway!"
156,"Good morning! This is your preferred fitness club calling to inform you about a new fitness class schedule. Join our expert instructors for energizing workout sessions."
157,"Hello, this is your preferred auto insurance company calling to provide information about a new coverage option that includes roadside assistance. Ensure a worry-free driving experience with added protection."
158,"Thank you for being a valued customer of our restaurant delivery service. We are calling to inform you about our new menu items and special offers. Enjoy delicious meals delivered to your doorstep!"
159,"Good afternoon! This is the customer support team for your preferred online shopping platform. We noticed that you recently encountered an issue with a purchase and wanted to assist you in resolving it."
160,"Hello, this is your preferred airline calling to inform you about a schedule change for your upcoming flight. We apologize for any inconvenience caused and will assist you with alternative arrangements."
161,"Thank you for being a loyal customer of our home cleaning service. We are calling to offer you a discounted rate for your next cleaning appointment. Enjoy a clean and tidy home!"
162,"Good morning! This is your preferred mobile network provider calling to inform you about a data plan upgrade option. Stay connected with faster browsing speeds and increased data limits."
163,"Hello, this is your preferred online streaming service calling to recommend some popular movies and TV shows based on your viewing history. Sit back, relax, and enjoy your favorite entertainment."
164,"Thank you for being a valued customer of our car maintenance center. We are calling to remind you about your vehicle's upcoming service appointment. Ensure optimal performance with regular maintenance."
165,"Good afternoon! This is the customer support team for your preferred software company. We noticed that you recently requested assistance and wanted to follow up to ensure your issue was resolved."
166,"Hello, this is your preferred home appliance store calling to inform you about a special discount on kitchen appliances. Upgrade your culinary experience with high-quality appliances at great prices."
167,"Thank you for being a loyal customer of our online music store. We are calling to inform you about exclusive access to new music releases before they are available to the public."
168,"Good morning! This is your preferred health insurance provider calling to provide information about a wellness program. Take proactive steps towards a healthier lifestyle with our support."
169,"Hello, this is your preferred online marketplace calling to inform you about a seller promotion where you can enjoy discounted prices on a wide range of products. Don't miss out on the deals!"
170,"Thank you for being a valued customer of our home security company. We are calling to provide tips on home safety and security measures to protect your property and loved ones."
171,"Good afternoon! This is the customer support team for your preferred mobile banking app. We noticed that you recently encountered an issue and wanted to assist you in resolving it."
172,"Hello, this is your preferred pet supplies store calling to inform you about a sale on pet food and accessories. Keep your furry friends happy and healthy with our quality products."
173,"Thank you for being a loyal customer of our fashion boutique. We are calling to inform you about a private sale event where you can enjoy exclusive discounts on the latest fashion trends."
174,"Good morning! This is your preferred insurance company calling to provide information about a new policy option with enhanced coverage. Protect what matters most with comprehensive insurance."
175,"Hello, this is your preferred home improvement store calling to inform you about a special promotion on home renovation supplies. Transform your living space with quality products at discounted prices."
176,"Thank you for being a valued customer of our online gaming platform. We are calling to inform you about upcoming game releases and exclusive in-game events. Level up your gaming experience!"
177,"Good afternoon! This is the customer support team for your preferred e-learning platform. We noticed that you recently encountered an issue and wanted to ensure your learning progress is not affected."
178,"Hello, this is your preferred cable TV provider calling to inform you about a channel lineup update. Enjoy access to new channels and exciting content as part of your subscription."
179,"Thank you for being a loyal customer of our home maintenance services. We are calling to offer you a discounted rate for your next service appointment. Keep your home in top condition!"
180,"Good morning! This is your preferred financial institution calling to provide information about a new investment opportunity. Explore options to grow your wealth with expert guidance."
181,"Hello, this is your preferred online marketplace for handmade products calling to recommend unique creations from talented artisans. Discover one-of-a-kind items to add to your collection."
182,"Thank you for being a valued customer of our gardening center. We are calling to inform you about a seasonal plant sale. Beautify your garden with vibrant flowers and lush greenery."
183,"Good afternoon! This is the customer support team for your preferred software application. We noticed that you recently encountered an issue and wanted to assist you in resolving it."
184,"Hello, this is your preferred home entertainment store calling to inform you about a limited-time discount on audiovisual equipment. Elevate your home theater experience with premium products."
185,"Thank you for being a loyal customer of our online grocery delivery service. We are calling to inform you about our new organic product line. Shop healthy and sustainable options from the comfort of your home."
186,"Good morning! This is your preferred credit union calling to provide information about a new savings account option with competitive interest rates. Start saving smarter with us."
187,"Hello, this is your preferred dental clinic calling to remind you about your upcoming dental check-up appointment. Ensure good oral health with regular visits to our experienced dentists."
188,"Thank you for being a valued customer of our online photography store. We are calling to inform you about a limited-time discount on camera accessories. Capture memorable moments with high-quality gear."
189,"Good afternoon! This is the customer support team for your preferred ride-sharing app. We noticed that you recently encountered an issue and wanted to ensure your future rides are smooth and hassle-free."
190,"Hello, this is your preferred home cleaning service calling to offer you a special package deal for recurring cleaning appointments. Enjoy a spotless home with our reliable and professional cleaners."
191,"Thank you for being a loyal customer of our online craft supplies store. We are calling to inform you about our new collection of crafting materials. Unleash your creativity with premium supplies."
192,"Good morning! This is your preferred subscription box service calling to inform you about exciting upcoming box themes. Discover curated products and surprises delivered to your doorstep."
193,"Hello, this is your preferred telecom provider calling to offer you an upgrade to a faster internet connection. Experience seamless browsing and streaming with our enhanced services."
194,"Thank you for being a valued customer of our beauty salon. We are calling to remind you about your upcoming appointment for a rejuvenating spa treatment. Indulge in a pampering experience."
195,"Good afternoon! This is the customer support team for your preferred smart home device manufacturer. We noticed that you recently encountered an issue and wanted to assist you in troubleshooting it."
196,"Hello, this is your preferred car dealership calling to inform you about a limited-time promotion on select models. Get the car of your dreams at a discounted price!"
197,"Thank you for being a loyal customer of our online language learning platform. We are calling to recommend advanced language courses tailored to your learning goals. Take your language skills to the next level!"
198,"Good morning! This is your preferred fitness equipment store calling to inform you about a sale on exercise machines and accessories. Set up your home gym and stay active."
199,"Hello, this is your preferred furniture store calling to inform you about a clearance sale on select items. Upgrade your home decor with stylish furniture at unbeatable prices."
200,"Thank you for being a valued customer of our online pet grooming service. We are calling to offer you a discount on your next pet grooming appointment. Keep your furry friend looking and feeling their best."
201,"Businessman: Good morning, this is John from XYZ Corporation. We recently launched a new product and thought it might be of interest to your company.
Receiver: Oh, I see. Could you provide more details about the product?"
202,"Family Member: Hi, it's your cousin Lisa! How have you been?
Receiver: Oh, hey Lisa! I'm doing well, thanks. How about you?"
203,"Friend: Hey, it's Mike. What are you up to this weekend?
Receiver: Oh, hey Mike! I don't have any specific plans. Why?"
204,"Organization: Hello, this is the Red Cross. We're currently running a blood donation drive in your area. Would you be interested in donating?"
205,"Businessman: Good morning, this is Mark from ABC Enterprises. We noticed you recently inquired about our services. Is now a good time to discuss them?"
206,"Family Member: Hi, it's Aunt Carol! I wanted to invite you to your cousin's graduation party next month. Will you be able to make it?"
207,"Friend: Hey, it's Sarah. I heard there's a new café that opened up in town. Would you like to go try it out together?"
208,"Organization: Hi, this is the local library. We wanted to inform you about our upcoming book fair. Are you interested in attending?"
209,"Businessman: Hello, this is Robert from XYZ Bank. We're offering a special interest rate on our business loans. Would you like more information?"
210,"Family Member: Hi, it's your sister. I wanted to let you know that mom and dad are planning a family reunion next year. Save the date!"
211,"Friend: Hey, it's Alex. I found this great deal on vacation packages. Are you up for a trip to the beach this summer?"
212,"Organization: Hello, this is the Wildlife Conservation Society. We're seeking donations to support our efforts in protecting endangered species."
213,"Businessman: Hi, this is David from ABC Insurance. I wanted to discuss our new policies that offer comprehensive coverage for businesses like yours."
214,"Family Member: Hi, it's your uncle. We're having a barbecue this weekend. Can you bring some of your famous grilled chicken?"
215,"Friend: Hey, it's Emily. I just bought tickets to a comedy show. Would you like to join me for a night of laughter?"
216,"Organization: Hello, this is the local food bank. We're organizing a food drive to help families in need. Would you be interested in making a donation?"
217,"Businessman: Good afternoon, this is Robert from XYZ Consulting. We've reviewed your company's website and have some suggestions for improvement."
218,"Family Member: Hi, it's your grandma. I wanted to check in and see how you're doing. Let's catch up soon!"
219,"Friend: Hey, it's Jason. I heard there's a new movie coming out. Shall we plan a movie night?"
220,"Organization: Hello, this is the charity organization for children's education. We wanted to update you on the progress of the project you supported."
221,"Businessman: Hi, this is Sarah from ABC Solutions. We offer customized software development services. Are you looking to enhance your company's IT infrastructure?"
222,"Family Member: Hi, it's your brother. I found some old family photos. Let's get together and reminisce about the good times."
223,"Friend: Hey, it's Jessica. There's a new art exhibition opening. Would you like to join me for the opening night?"
224,"Organization: Hello, this is the local animal shelter. We wanted to inform you about our upcoming adoption event. Are you considering adding a furry friend to your family?"
225,"Businessman: Hello, this is John from XYZ Corporation. We noticed you recently attended one of our webinars. Would you be interested in exploring our product offerings?"
226,"Family Member: Hi, it's your cousin Mike! Long time no talk. How's everything going with you?"
227,"Friend: Hey, it's Rachel. I stumbled upon this great hiking trail. Would you like to go on an adventure with me?"
228,"Organization: Hi, this is the local museum. We're hosting a special exhibition on modern art. Would you like to visit and explore the artistic world?"
229,"Businessman: Good morning, this is Mark from ABC Enterprises. We're launching a new marketing campaign and would like to discuss partnership opportunities with your company."
230,"Family Member: Hi, it's your aunt. I'm planning a surprise birthday party for your mom. Can you help me with the arrangements?"
231,"Friend: Hey, it's Brian. I found this amazing recipe for homemade pizza. How about we have a pizza night at your place?"
232,"Organization: Hello, this is the environmental conservation group. We're organizing a tree-planting event in your neighborhood. Would you like to participate?"
233,"Businessman: Hi, this is David from XYZ Bank. We have a limited-time offer on our credit cards with exclusive benefits. Are you interested in upgrading?"
234,"Family Member: Hi, it's your sister. I wanted to share some exciting news. I'm getting married next year! Save the date!"
235,"Friend: Hey, it's Lily. I came across this interesting workshop on photography. Would you like to join me and improve our photography skills?"
236,"Organization: Hello, this is the local theater group. We're performing a classic play next week. Would you like to experience the magic of live theater?"
237,"Businessman: Hello, this is Sarah from ABC Solutions. We offer a range of IT services. Is there anything specific you're looking to improve in your company's technology infrastructure?"
238,"Family Member: Hi, it's your grandpa. I wanted to share some old stories with you. Let's plan a visit and spend some quality time together."
239,"Friend: Hey, it's Jake. I heard there's a new fitness center opening nearby. Shall we join and start our fitness journey together?"
240,"Organization: Hello, this is the charity organization for underprivileged children. We're organizing a fundraising event. Would you like to contribute to a good cause?"
241,"Businessman: Hi, this is Robert from XYZ Consulting. We recently conducted a market analysis and have some valuable insights to share with you."
242,"Family Member: Hi, it's your cousin Amy! I'm planning a road trip next month. Would you like to join and explore new places?"
243,"Friend: Hey, it's Olivia. I found this interesting article on personal development. Let's grab coffee and discuss it."
244,"Organization: Hello, this is the local community center. We're hosting a cooking workshop. Are you interested in learning some new recipes?"
245,"Businessman: Good morning, this is John from ABC Enterprises. We noticed you haven't updated your software in a while. Let's discuss the benefits of upgrading."
246,"Family Member: Hi, it's your brother. I wanted to check in and see how you're doing. Let's plan a sibling day out soon!"
247,"Friend: Hey, it's Michael. I heard there's a new comedy club in town. Shall we go and have a good laugh?"
248,"Organization: Hello, this is the local art gallery. We're showcasing an exhibition of local artists. Would you like to explore the creative works?"
249,"Businessman: Hi, this is Mark from XYZ Bank. We're offering a limited-time cashback promotion on our credit cards. Are you interested in saving more?"
250,"Family Member: Hi, it's your mom. I wanted to remind you about your doctor's appointment next week. Don't forget to prepare your questions!"
301,"Businessman: Good morning, this is John from XYZ Corporation. We recently launched a new product and thought it might be of interest to your company.
Receiver: Oh, I see. Could you provide more details about the product?"
302,"Family Member: Hi, it's your cousin Lisa! How have you been?
Receiver: Oh, hey Lisa! I'm doing well, thanks. How about you?"
303,"Friend: Hey, it's Mike. What are you up to this weekend?
Receiver: Oh, hey Mike! I don't have any specific plans. Why?"
304,"Organization: Hello, this is the Red Cross. We're currently running a blood donation drive in your area. Would you be interested in donating?"
305,"Businessman: Good morning, this is Mark from ABC Enterprises. We noticed you recently inquired about our services. Is now a good time to discuss them?"
306,"Family Member: Hi, it's Aunt Carol! I wanted to invite you to your cousin's graduation party next month. Will you be able to make it?"
307,"Friend: Hey, it's Sarah. I heard there's a new café that opened up in town. Would you like to go try it out together?"
308,"Organization: Hi, this is the local library. We wanted to inform you about our upcoming book fair. Are you interested in attending?"
309,"Businessman: Hello, this is Robert from XYZ Bank. We're offering a special interest rate on our business loans. Would you like more information?"
310,"Family Member: Hi, it's your sister. I wanted to let you know that mom and dad are planning a family reunion next year. Save the date!"
311,"Friend: Hey, it's Alex. I found this great deal on vacation packages. Are you up for a trip to the beach this summer?"
312,"Organization: Hello, this is the Wildlife Conservation Society. We're seeking donations to support our efforts in protecting endangered species."
313,"Businessman: Hi, this is David from ABC Insurance. I wanted to discuss our new policies that offer comprehensive coverage for businesses like yours."
314,"Family Member: Hi, it's your uncle. We're having a barbecue this weekend. Can you bring some of your famous grilled chicken?"
315,"Friend: Hey, it's Emily. I just bought tickets to a comedy show. Would you like to join me for a night of laughter?"
316,"Organization: Hello, this is the local food bank. We're organizing a food drive to help families in need. Would you be interested in making a donation?"
317,"Businessman: Good afternoon, this is Robert from XYZ Consulting. We've reviewed your company's website and have some suggestions for improvement."
318,"Family Member: Hi, it's your grandma. I wanted to check in and see how you're doing. Let's catch up soon!"
319,"Friend: Hey, it's Jason. I heard there's a new movie coming out. Shall we plan a movie night?"
320,"Organization: Hello, this is the charity organization for children's education. We wanted to update you on the progress of the project you supported."
321,"Businessman: Hi, this is Sarah from ABC Solutions. We offer customized software development services. Are you looking to enhance your company's IT infrastructure?"
322,"Family Member: Hi, it's your brother. I found some old family photos. Let's get together and reminisce about the good times."
323,"Friend: Hey, it's Jessica. There's a new art exhibition opening. Would you like to join me for the opening night?"
324,"Organization: Hello, this is the local animal shelter. We wanted to inform you about our upcoming adoption event. Are you considering adding a furry friend to your family?"
325,"Businessman: Hello, this is John from XYZ Bank. We noticed you recently attended one of our webinars. Would you be interested in exploring our product offerings?"
326,"Family Member: Hi, it's your cousin Mike! Long time no talk. How's everything going with you?"
327,"Friend: Hey, it's Rachel. I stumbled upon this great hiking trail. Would you like to go on an adventure with me?"
328,"Organization: Hi, this is the local museum. We're hosting a special exhibition on modern art. Would you like to visit and explore the artistic world?"
329,"Businessman: Hi, this is Mark from ABC Enterprises. We're launching a new marketing campaign and would like to discuss partnership opportunities with your company."
330,"Family Member: Hi, it's your aunt. I'm planning a surprise birthday party for your mom. Can you help me with the arrangements?"
331,"Friend: Hey, it's Brian. I found this amazing recipe for homemade pizza. How about we have a pizza night at your place?"
332,"Organization: Hello, this is the environmental conservation group. We're organizing a tree-planting event in your neighborhood. Would you like to participate?"
333,"Businessman: Hi, this is David from XYZ Bank. We have a limited-time offer on our credit cards with exclusive benefits. Are you interested in upgrading?"
334,"Family Member: Hi, it's your sister. I wanted to share some exciting news. I'm getting married next year! Save the date!"
335,"Friend: Hey, it's Lily. I came across this interesting workshop on photography. Would you like to join me and improve our photography skills?"
336,"Organization: Hello, this is the local theater group. We're performing a classic play next week. Would you like to experience the magic of live theater?"
337,"Businessman: Hello, this is Sarah from ABC Solutions. We offer a range of IT services. Is there anything specific you're looking to improve in your company's technology infrastructure?"
338,"Family Member: Hi, it's your grandpa. I wanted to share some old stories with you. Let's plan a visit and spend some quality time together."
339,"Friend: Hey, it's Jake. I heard there's a new fitness center opening nearby. Shall we join and start our fitness journey together?"
340,"Organization: Hello, this is the charity organization for underprivileged children. We're organizing a fundraising event. Would you like to contribute to a good cause?"
341,"Businessman: Hi, this is Robert from XYZ Consulting. We recently conducted a market analysis and have some valuable insights to share with you."
342,"Family Member: Hi, it's your cousin Amy! I'm planning a road trip next month. Would you like to join and explore new places?"
343,"Friend: Hey, it's Olivia. I found this interesting article on personal development. Let's grab coffee and discuss it."
344,"Organization: Hello, this is the local community center. We're hosting a cooking workshop. Are you interested in learning some new recipes?"
345,"Businessman: Good morning, this is John from ABC Enterprises. We noticed you haven't updated your software in a while. Let's discuss the benefits of upgrading."
346,"Family Member: Hi, it's your brother. I wanted to check in and see how you're doing. Let's plan a sibling day out soon!"
347,"Friend: Hey, it's Michael. I heard there's a new comedy club in town. Shall we go and have a good laugh?"
348,"Organization: Hello, this is the local art gallery. We're showcasing an exhibition of local artists. Would you like to explore the creative works?"
349,"Businessman: Hi, this is Mark from XYZ Bank. We're offering a limited-time cashback promotion on our credit cards. Are you interested in saving more?"
350,"Family Member: Hi, it's your mom. I wanted to remind you about your doctor's appointment next week. Don't forget to prepare your questions!"