id,text
1,Hello bank calling noticed suspicious activity account protect funds need account details verification purposes
2,Good day ve free vacation package exotic destination claim prize please provide personal information
3,police department calling identified security breach neighborhood require address social security number investigation purposes
4,Congratulations ve selected winner cash prize receive winnings please share bank account details
5,regret inform insurance policy expire renew policy please provide credit card information phone
6,tax department calling outstanding tax payment needs settled immediately avoid legal consequences provide payment details
7,detected unauthorized access email account secure account need email password security question answers
8,computer infected virus fix issue need remote access device Please download software provide follow instructions
9,ve selected special discount luxury product claim offer share credit card information verification
10,conducting survey behalf internet service provider Kindly provide login credentials quality assurance purposes
11,urgent message immigration office residency status question need personal details resolve matter
12,Congratulations ve brand new car lucky draw claim prize share driver s license registration details
13,detected fraudulent activity credit card prevent unauthorized charges please provide card number expiry date CVV
14,ve preapproved loan lowinterest rates proceed application require social security number employment details
15,Hello lottery commission ve substantial cash prize claim winnings provide bank account information transfer
16,account compromised secure funds need online banking credentials Please provide username password
17,calling government grant department qualify grant receive funds provide bank account details verification
18,PayPal account suspended due suspicious activity reactivate need login credentials photo ID verification
19,customer service department popular online store recent order requires additional information Please provide credit card details verification
20,ve trip luxurious resort claim prize need credit card information verification purposes
21,regret inform social media account hacked recover please share login credentials us
22,urgent message electricity company bill overdue require immediate payment Please provide credit card details processing
23,Congratulations ve selected beta tester new mobile app participate need email address app store account details
24,calling charity organization generous donation make difference contribute please provide credit card information
25,antivirus software expired renew license provide payment details phone
26,Hello investment company lucrative opportunity proceed need bank account details fund transfer
27,detected security breach social media account secure please provide username password date birth
28,ve free trial premium subscription activate need credit card information verification
29,warranty department calling product warranty expire extend provide purchase details credit card information
30,Congratulations ve selected winner shopping spree claim prize share credit card details verification
31,calling government census bureau update information need social security number home address
32,email account hacked recover need email address password security question answers
33,technical support team computer critical issue fix need credit card information repair service
34,ve selected cashback reward program participate provide credit card details enrollment
35,conducting survey behalf insurance provider participate provide policy number personal information
36,Congratulations ve luxury watch receive prize share address credit card details shipping
37,government tax office unpaid taxes avoid legal consequences provide payment details
38,ve qualified discount utility bills apply discount require social security number account details
39,calling technical support team internet connection compromised resolve issue provide login credentials
40,Congratulations ve vacation package exclusive destination claim prize provide personal information
41,credit card company calling card locked security reasons unlock provide card number security code
42,ve selected survey consumer preferences participate provide personal information credit card details
43,detected security breach online gaming account secure please provide username password date birth
44,Hello health insurance company special offer proceed need social security number bank account details
45,Congratulations ve cash prize lottery claim winnings share bank account information transfer
46,calling charity foundation support change lives donate please provide credit card information
47,email account flagged suspicious activity secure please share email address password security question answers
48,government immigration office visa application pending verification proceed provide personal details passport information
49,ve selected limitedtime offer claim discount provide credit card details verification
50,conducting survey behalf research organization participate provide personal information credit card details
51,Hello internet service provider connection compromised fix need login credentials credit card information
52,Congratulations ve grand prize lucky draw claim winnings provide personal information bank account details
53,regret inform credit card compromised secure account please provide card number expiration date CVV
54,government census bureau need social security number home address population data collection
55,ve selected beta tester new software release participate provide email address software preferences
56,detected suspicious activity social media account protect privacy please provide username password security answers
57,Congratulations ve luxury vacation package claim prize share personal details credit card information booking
58,bank s fraud department suspect unauthorized access account verify identity provide account number PIN
59,ve qualified special discount home improvement services proceed provide address credit card details registration
60,conducting customer satisfaction survey behalf mobile service provider participate provide phone number personal feedback
61,Hello travel agency ve selected free trip claim package provide passport details payment information
62,email account compromised secure please provide email address password alternative contact information
63,credit card company calling card temporarily blocked unblock provide card number expiration date CVV
64,ve cash reward loyal customer receive prize provide personal information bank account details transfer
65,identified security breach online banking account protect funds please provide username password security code
66,Congratulations ve free membership fitness club claim membership share personal details credit card information
67,government tax office tax refund pending process refund provide social security number bank account details
68,ve selected survey consumer preferences participate provide personal information credit card details verification
69,detected unauthorized activity PayPal account secure please provide account details onetime verification code
70,Hello charity foundation support make difference donate provide credit card information donation amount
71,Congratulations ve shopping voucher worth substantial amount claim voucher provide personal details payment information
72,calling government grants department qualify grant receive funds provide bank account details grant application
73,online gaming account compromised protect progress please provide username password security question answers
74,health insurance company exclusive offer proceed provide social security number payment details
75,ve free trial premium streaming service activate provide email address password credit card information
76,detected security vulnerability computer system fix please provide remote access credit card information service
77,Congratulations ve gift card worth significant amount claim gift card share personal details payment information
78,government immigration office visa application requires additional information proceed provide passport details travel history
79,ve selected limitedtime offer home appliances claim discount provide address credit card details purchase
80,conducting market research survey participate provide personal information credit card details chance win prize
81,Hello technical support team device critical issue fix provide device details credit card information repair
82,social media account flagged violating community guidelines reinstate account please provide username password email
83,bank s verification department suspect unauthorized access account secure provide account number security answers
84,ve qualified free trial premium software activate provide email address password credit card information verification
85,Congratulations ve gift voucher luxury shopping spree claim voucher share personal details payment information
86,calling government health department health records need verification proceed provide social security number medical history
87,email account compromised recover please provide email address password alternative contact information
88,credit card company calling card flagged suspicious activity verify transactions provide card number date CVV
89,ve cash prize national lottery claim winnings share personal information bank account details transfer
90,conducting survey behalf market research firm participate provide personal information credit card details validation
91,Hello travel agency ve selected discounted vacation package claim offer provide passport details payment information
92,social media account compromised secure please provide username password security question answers
93,government tax office tax refund pending process refund provide social security number bank account details tax filing
94,ve selected loyalty rewards program participate provide personal information credit card details enrollment
95,detected suspicious activity online banking account protect funds please provide username password security code
96,Congratulations ve free trial premium membership activate provide email address password credit card information
97,health insurance company special offer proceed provide social security number medical history payment details
98,ve cash prize lucky draw claim winnings share personal information bank account details transfer
99,calling charity foundation support make difference donate provide credit card information donation amount
100,Hello technical support team identified security vulnerability computer fix provide device details credit card information
101,Caller Good day security department bank noticed suspicious activity account Please provide account number PIN verification purposes
102,Caller Hello IRS outstanding tax payment face legal consequences resolved immediately Please provide Social Security number make payment
103,Caller Hi tech support team wellknown software company detected virus computer fix need remote access device provide
104,Caller Good afternoon customer service credit card provider suspect fraudulent activity card Please confirm card details recent transactions
105,Caller Hello lottery agency Congratulations huge sum money claim prize please provide bank account details transfer
106,Caller Hi customer care department internet service provider internet connection compromised Please share username password troubleshooting
107,Caller Good day technical team popular social media platform account hacked secure please provide login credentials
108,Caller Hello police department received reports identity theft linked name assist investigation please confirm personal information
109,Caller Hi insurance company revised policy need update information verify full name address social security number
110,Caller Good afternoon representative wellknown charity organization appreciate past donations continue supporting us please provide credit card details
111,Caller Hello representative investment firm exclusive investment opportunity high returns proceed please share financial information
112,Caller Hi tech department email provider account compromised secure please provide email address password
113,Caller Good day sweepstakes company luxury vacation package claim prize please confirm personal details make small payment
114,Caller Hello support team wellknown online retailer suspect fraudulent transaction account resolve please provide login credentials
115,Caller Hi representative reputable credit reporting agency detected errors credit report Please provide social security number verification
116,Caller Good afternoon representative popular travel agency exclusive deals book please provide credit card details
117,Caller Hello bank detected unauthorized transaction account Please confirm account details reverse transaction
118,Caller Hi customer service wellknown online auction site issue account Please provide username password resolve
119,Caller Good day tech support team major computer manufacturer detected serious issue device fix please share personal information
120,Caller Hello representative reputable antivirus company computer infected malware remove please provide remote access system
121,Caller Hi customer care department mobile service provider SIM card compromised Please confirm SIM card number account details
122,Caller Good afternoon representative renowned online payment platform account locked unlock please provide login credentials
123,Caller Hello technical team wellknown streaming service subscription expire continue using service please update payment information
124,Caller Hi representative credit card company suspect fraudulent activity card Please verify card details recent transactions
125,Caller Good day support department popular social networking site account flagged suspicious activity resolve please provide login credentials
126,Caller Hello representative reputable financial institution account compromised secure please provide account number password
127,Caller Hi customer care department utility company payment overdue services disconnected Please provide payment details
128,Caller Good afternoon representative wellknown lottery organization huge cash prize claim please share bank account information
129,Caller Hello security team email provider account hacked recover please provide email address password
130,Caller Hi representative renowned credit reporting agency detected suspicious activity credit report Please confirm social security number
131,Caller Good day customer service popular ecommerce website account compromised secure please provide login credentials
132,Caller Hello representative credit card provider billing issue account Please confirm card details verification
133,Caller Hi representative wellknown charity organization appreciate past donations continue supporting us please provide credit card information
134,Caller Good afternoon representative investment firm lucrative investment opportunity proceed please share financial details
135,Caller Hello tech department email provider account compromised secure please provide email address password
136,Caller Hi customer support team popular online retailer suspect fraudulent activity account Please provide login credentials
137,Caller Good day sweepstakes company luxury vacation package claim prize please confirm personal details make payment
138,Caller Hello representative reputable credit reporting agency detected errors credit report Please provide social security number verification
139,Caller Hi customer care department wellknown travel agency exclusive deals book please provide credit card details
140,Caller Good afternoon bank detected unauthorized transaction account Please confirm account details reverse transaction
141,Caller Hello customer service wellknown online auction site issue account Please provide username password resolve
142,Caller Hi tech support team major computer manufacturer detected serious issue device fix please share personal information
143,Caller Good day representative renowned antivirus company computer infected malware remove please provide remote access system
144,Caller Hello customer support department mobile service provider SIM card compromised Please confirm SIM card number account details
145,Caller Hi representative popular online payment platform account locked unlock please provide login credentials
146,Caller Good afternoon technical team wellknown streaming service subscription expire continue using service please update payment information
147,Caller Hello representative credit card company suspect fraudulent activity card Please verify card details recent transactions
148,Caller Hi customer care department wellknown social networking site account flagged suspicious activity resolve please provide login credentials
149,Caller Good day representative reputable financial institution account compromised secure please provide account number password
150,Caller Hello customer service utility company payment overdue services disconnected Please provide payment details
201,Caller Good day security department bank noticed unauthorized access account secure please provide account number online banking password
202,Caller Hello representative wellknown tech company computer infected dangerous virus remove need personal information remote access device
203,Caller Hi customer service department popular online marketplace account compromised regain access please provide username password credit card information
204,Caller Good afternoon representative wellknown credit card company identified fraudulent charges card assist please verify card details
205,Caller Hello customer care department reputable airline Congratulations free vacation package claim please provide personal payment information
206,Caller Hi representative trusted government agency identity stolen need social security number financial details rectify issue
207,Caller Good day technical team popular social media platform account compromised recover please share login credentials verification
208,Caller Hello representative insurance provider important update regarding policy proceed please confirm policy number date birth
209,Caller Hi customer support department wellknown online retailer suspect fraudulent activity account resolve please provide account credentials
210,Caller Good afternoon representative renowned charity organization appreciate past contributions continue supporting us please provide credit card details
211,Caller Hello representative investment firm exclusive investment opportunity guaranteed high returns proceed please share financial information
212,Caller Hi tech support team internet service provider internet connection compromised fix please share username password
213,Caller Good day customer service department popular telecommunications company phone hacked secure please provide SIM card number account details
214,Caller Hello representative renowned online payment platform account temporarily suspended due suspicious activity reactivate please provide login credentials
215,Caller Hi representative wellknown software company detected critical issue computer resolve please provide remote access device
216,Caller Good afternoon customer support department popular streaming service subscription expire continue enjoying service please update payment information
217,Caller Hello representative credit card provider urgent matter related account assist please confirm card details recent transactions
218,Caller Hi customer care department renowned online auction site account flagged suspicious activity resolve please provide username password
219,Caller Good day tech support team major computer manufacturer identified security breach device fix please share personal information
220,Caller Hello representative reputable antivirus company computer infected dangerous virus remove please provide remote access system
221,Caller Hi customer care department wellknown mobile service provider SIM card compromised secure please confirm SIM card number account details
222,Caller Good afternoon representative popular online payment platform account locked due suspicious activity unlock please provide login credentials
223,Caller Hello technical team wellknown streaming service subscription expired continue using service require payment information
224,Caller Hi representative credit card company suspect fraudulent activity card Please verify card details recent transactions
225,Caller Good day support department wellknown social networking site account flagged suspicious activity resolve please provide login credentials
226,Caller Hello representative reputable financial institution account compromised secure please provide account number password
227,Caller Hi customer support department utility company payment overdue cleared services disconnected Please provide payment details
228,Caller Good afternoon representative renowned lottery organization Congratulations significant cash prize claim please share bank account information
229,Caller Hello security team email provider account hacked recover please provide email address password
230,Caller Hi representative reputable credit reporting agency detected suspicious activity credit report Please confirm social security number
231,Caller Good day customer service department popular ecommerce website account compromised secure please provide login credentials
232,Caller Hello representative credit card provider billing issue account assist please confirm card details verification
233,Caller Hi representative wellknown charity organization appreciate past donations continue supporting us please provide credit card information
234,Caller Good afternoon representative investment firm lucrative investment opportunity proceed please share financial details
235,Caller Hello tech department email provider account compromised secure please provide email address password
236,Caller Hi customer support department popular online retailer suspect fraudulent activity account Please provide login credentials
237,Caller Good day sweepstakes company luxury vacation package claim prize please confirm personal details make payment
238,Caller Hello representative reputable credit reporting agency detected errors credit report Please provide social security number verification
239,Caller Hi customer care department wellknown travel agency exclusive deals book please provide credit card details
240,Caller Good afternoon bank detected unauthorized transaction account Please confirm account details reverse transaction
241,Caller Hello customer service department wellknown online auction site issue account Please provide username password resolve
242,Caller Hi tech support team major computer manufacturer detected serious issue device fix please share personal information
243,Caller Good day representative reputable antivirus company computer infected malware remove please provide remote access system
244,Caller Hello customer support department mobile service provider SIM card compromised Please confirm SIM card number account details
245,Caller Hi representative popular online payment platform account locked unlock please provide login credentials
246,Caller Good afternoon technical team wellknown streaming service subscription expire continue using service please update payment information
247,Caller Hello representative credit card company suspect fraudulent activity card Please verify card details recent transactions
248,Caller Hi customer care department wellknown social networking site account flagged suspicious activity resolve please provide login credentials
249,Caller Good day representative reputable financial institution account compromised secure please provide account number password
250,Caller Hello customer service utility company payment overdue services disconnected Please provide payment details
