id,text
101,Hello mobile service provider calling inform new promotional offer unlimited data plans sensitive information requested call
102,Congratulations selected winner customer loyalty program reward receive gift voucher mail need confirm mailing address
103,Good afternoon reminder local library regarding upcoming due dates borrowed books Feel free visit website information
104,Hello customer support team favorite online shopping platform noticed recently made purchase wanted ensure satisfaction concerns please let us know
105,Thank valued customer cable TV services calling inform new channel lineup includes additional entertainment options Enjoy enhanced viewing experience
106,Hello customer service department credit card company noticed transaction account wanted confirm authenticity made purchase action required
107,Good morning insurance provider calling provide information new policy option may better suit needs Take time review details contact us interested
108,Hello travel agency recently booked trip calling provide additional details confirm travel itinerary questions feel free ask
109,Thank using ridesharing service noticed recently took trip wanted thank choosing platform appreciate business
110,Hello utility company calling remind upcoming scheduled maintenance area temporary interruption service restored shortly
111,Good afternoon customer support team favorite online streaming platform noticed experienced buffering issues wanted offer troubleshooting tips enhance streaming experience
112,Hello bank s customer service department wanted inform new savings account option offers higher interest rates re interested provide information
113,Thank valued customer internet service calling inform upgrade option provide faster internet speeds Feel free contact us details
114,Good morning fitness center calling remind upcoming workout session personal trainer look forward helping reach fitness goals
115,Hello auto dealership reminding scheduled maintenance vehicle s important keep car good condition optimal performance safety
116,Thank loyal customer restaurant calling inform new menu items special offers hope see soon
117,Good afternoon customer support team preferred software provider noticed recently downloaded application wanted ensure smooth user experience
118,Hello credit card company calling inform limitedtime cashback promotion Simply use card eligible purchases earn cashback rewards
119,Thank subscribing newsletter calling provide exclusive updates offers wish unsubscribe please let us know
120,Good morning healthcare provider calling remind upcoming appointment primary care physician need reschedule please contact office
121,Hello favorite bookstore calling let know upcoming book signing event ll opportunity meet popular author Save date
122,Thank valued customer home security services calling offer upgrade option enhanced features added peace mind
123,Good afternoon credit union calling inform special interest rate offer personal loans re interested borrowing provide details
124,Hello wireless provider calling inform network coverage expansion area expect improved signal strength better call quality
125,Thank using online ticketing service calling inform upcoming concert city Get ready memorable evening music
126,Good morning insurance agent calling discuss policy renewal want ensure coverage aligns current needs provide necessary updates
127,Hello favorite coffee shop calling let know new seasonal beverages Treat delightful cup coffee tea
128,Thank loyal customer electronics store calling inform special sale event enjoy significant discounts select products
129,Good afternoon customer support team preferred mobile app noticed recently encountered issue wanted assist resolving
130,Hello pet store recently made purchase calling offer recommendations pet care products answer questions may
131,Thank valued customer home improvement store calling inform flash sale enjoy exclusive discounts home renovation supplies
132,Good morning cable internet provider calling inform speed upgrade option Enjoy faster internet browsing streaming enhanced package
133,Hello dental office calling remind upcoming dental checkup Regular dental visits essential maintaining oral health
134,Thank loyal customer clothing store calling inform customer appreciation event enjoy exclusive discounts
135,Good afternoon customer support team preferred gaming platform noticed recently encountered technical issue wanted assist resolving
136,Hello preferred airline calling inform flash sale domestic flights Take advantage discounted fares plan next getaway
137,Thank valued customer pharmacy calling inform prescription refill reminder service ensure never run medication
138,Good morning car rental agency calling confirm upcoming reservation questions need assistance feel free reach
139,Hello insurance provider calling discuss policy update may result lower premiums review coverage options provide costsaving recommendations
140,Thank loyal customer grocery store calling inform special promotion earn loyalty points future discounts
141,Good afternoon customer support team preferred music streaming service noticed recently encountered playback issue wanted assist resolving
142,Hello favorite bakery calling inform freshly baked goods day Treat delicious pastry bread
143,Thank valued customer fitness equipment store calling inform limitedtime sale exercise machines accessories
144,Good morning online tutoring service calling remind upcoming tutoring session look forward assisting academic goals
145,Hello preferred car dealership calling inform special financing offer new car purchases Drive home dream car affordable monthly payments
146,Thank loyal customer home decor store calling inform clearance sale enjoy significant discounts select items
147,Good afternoon customer support team preferred email provider noticed recently encountered issue account wanted assist resolving
148,Hello favorite restaurant calling inform weekly specials promotions Treat delightful dining experience
149,Thank valued customer fitness center calling inform upcoming group exercise classes Stay active join us fun workout
150,Good morning bank calling provide information new savings account option higher interest rates re interested saving discuss details
151,Hello internet service provider calling inform network maintenance activity scheduled tomorrow may experience temporary service interruptions maintenance window
152,Thank valued customer online bookstore calling recommend new releases favorite genre Discover exciting books add reading list
153,Good afternoon preferred credit card company calling inform cashback rewards program Earn rewards purchases redeem exciting offers
154,Hello healthcare provider calling remind upcoming appointment primary care physician Please ensure arrive time scheduled visit
155,Thank loyal customer travel agency calling inform limitedtime discount vacation packages Start planning next getaway
156,Good morning preferred fitness club calling inform new fitness class schedule Join expert instructors energizing workout sessions
157,Hello preferred auto insurance company calling provide information new coverage option includes roadside assistance Ensure worryfree driving experience added protection
158,Thank valued customer restaurant delivery service calling inform new menu items special offers Enjoy delicious meals delivered doorstep
159,Good afternoon customer support team preferred online shopping platform noticed recently encountered issue purchase wanted assist resolving
160,Hello preferred airline calling inform schedule change upcoming flight apologize inconvenience caused assist alternative arrangements
161,Thank loyal customer home cleaning service calling offer discounted rate next cleaning appointment Enjoy clean tidy home
162,Good morning preferred mobile network provider calling inform data plan upgrade option Stay connected faster browsing speeds increased data limits
163,Hello preferred online streaming service calling recommend popular movies TV shows based viewing history Sit back relax enjoy favorite entertainment
164,Thank valued customer car maintenance center calling remind vehicle s upcoming service appointment Ensure optimal performance regular maintenance
165,Good afternoon customer support team preferred software company noticed recently requested assistance wanted follow ensure issue resolved
166,Hello preferred home appliance store calling inform special discount kitchen appliances Upgrade culinary experience highquality appliances great prices
167,Thank loyal customer online music store calling inform exclusive access new music releases available public
168,Good morning preferred health insurance provider calling provide information wellness program Take proactive steps towards healthier lifestyle support
169,Hello preferred online marketplace calling inform seller promotion enjoy discounted prices wide range products nt miss deals
170,Thank valued customer home security company calling provide tips home safety security measures protect property loved ones
171,Good afternoon customer support team preferred mobile banking app noticed recently encountered issue wanted assist resolving
172,Hello preferred pet supplies store calling inform sale pet food accessories Keep furry friends happy healthy quality products
173,Thank loyal customer fashion boutique calling inform private sale event enjoy exclusive discounts latest fashion trends
174,Good morning preferred insurance company calling provide information new policy option enhanced coverage Protect matters comprehensive insurance
175,Hello preferred home improvement store calling inform special promotion home renovation supplies Transform living space quality products discounted prices
176,Thank valued customer online gaming platform calling inform upcoming game releases exclusive ingame events Level gaming experience
177,Good afternoon customer support team preferred elearning platform noticed recently encountered issue wanted ensure learning progress affected
178,Hello preferred cable TV provider calling inform channel lineup update Enjoy access new channels exciting content part subscription
179,Thank loyal customer home maintenance services calling offer discounted rate next service appointment Keep home top condition
180,Good morning preferred financial institution calling provide information new investment opportunity Explore options grow wealth expert guidance
181,Hello preferred online marketplace handmade products calling recommend unique creations talented artisans Discover oneofakind items add collection
182,Thank valued customer gardening center calling inform seasonal plant sale Beautify garden vibrant flowers lush greenery
183,Good afternoon customer support team preferred software application noticed recently encountered issue wanted assist resolving
184,Hello preferred home entertainment store calling inform limitedtime discount audiovisual equipment Elevate home theater experience premium products
185,Thank loyal customer online grocery delivery service calling inform new organic product line Shop healthy sustainable options comfort home
186,Good morning preferred credit union calling provide information new savings account option competitive interest rates Start saving smarter us
187,Hello preferred dental clinic calling remind upcoming dental checkup appointment Ensure good oral health regular visits experienced dentists
188,Thank valued customer online photography store calling inform limitedtime discount camera accessories Capture memorable moments highquality gear
189,Good afternoon customer support team preferred ridesharing app noticed recently encountered issue wanted ensure future rides smooth hasslefree
190,Hello preferred home cleaning service calling offer special package deal recurring cleaning appointments Enjoy spotless home reliable professional cleaners
191,Thank loyal customer online craft supplies store calling inform new collection crafting materials Unleash creativity premium supplies
192,Good morning preferred subscription box service calling inform exciting upcoming box themes Discover curated products surprises delivered doorstep
193,Hello preferred telecom provider calling offer upgrade faster internet connection Experience seamless browsing streaming enhanced services
194,Thank valued customer beauty salon calling remind upcoming appointment rejuvenating spa treatment Indulge pampering experience
195,Good afternoon customer support team preferred smart home device manufacturer noticed recently encountered issue wanted assist troubleshooting
196,Hello preferred car dealership calling inform limitedtime promotion select models Get car dreams discounted price
197,Thank loyal customer online language learning platform calling recommend advanced language courses tailored learning goals Take language skills next level
198,Good morning preferred fitness equipment store calling inform sale exercise machines accessories Set home gym stay active
199,Hello preferred furniture store calling inform clearance sale select items Upgrade home decor stylish furniture unbeatable prices
200,Thank valued customer online pet grooming service calling offer discount next pet grooming appointment Keep furry friend looking feeling best
201,Businessman Good morning John XYZ Corporation recently launched new product thought might interest company Receiver Oh see Could provide details product
202,Family Member Hi s cousin Lisa Receiver Oh hey Lisa m well thanks
203,Friend Hey s Mike weekend Receiver Oh hey Mike nt specific plans
204,Organization Hello Red Cross re currently running blood donation drive area Would interested donating
205,Businessman Good morning Mark ABC Enterprises noticed recently inquired services good time discuss
206,Family Member Hi s Aunt Carol wanted invite cousin s graduation party next month able make
207,Friend Hey s Sarah heard s new café opened town Would like go try together
208,Organization Hi local library wanted inform upcoming book fair interested attending
209,Businessman Hello Robert XYZ Bank re offering special interest rate business loans Would like information
210,Family Member Hi s sister wanted let know mom dad planning family reunion next year Save date
211,Friend Hey s Alex found great deal vacation packages trip beach summer
212,Organization Hello Wildlife Conservation Society re seeking donations support efforts protecting endangered species
213,Businessman Hi David ABC Insurance wanted discuss new policies offer comprehensive coverage businesses like
214,Family Member Hi s uncle re barbecue weekend bring famous grilled chicken
215,Friend Hey s Emily bought tickets comedy show Would like join night laughter
216,Organization Hello local food bank re organizing food drive help families need Would interested making donation
217,Businessman Good afternoon Robert XYZ Consulting ve reviewed company s website suggestions improvement
218,Family Member Hi s grandma wanted check see re Let s catch soon
219,Friend Hey s Jason heard s new movie coming Shall plan movie night
220,Organization Hello charity organization children s education wanted update progress project supported
221,Businessman Hi Sarah ABC Solutions offer customized software development services looking enhance company s infrastructure
222,Family Member Hi s brother found old family photos Let s get together reminisce good times
223,Friend Hey s Jessica s new art exhibition opening Would like join opening night
224,Organization Hello local animal shelter wanted inform upcoming adoption event considering adding furry friend family
225,Businessman Hello John XYZ Corporation noticed recently attended one webinars Would interested exploring product offerings
226,Family Member Hi s cousin Mike Long time talk s everything going
227,Friend Hey s Rachel stumbled upon great hiking trail Would like go adventure
228,Organization Hi local museum re hosting special exhibition modern art Would like visit explore artistic world
229,Businessman Good morning Mark ABC Enterprises re launching new marketing campaign would like discuss partnership opportunities company
230,Family Member Hi s aunt m planning surprise birthday party mom help arrangements
231,Friend Hey s Brian found amazing recipe homemade pizza pizza night place
232,Organization Hello environmental conservation group re organizing treeplanting event neighborhood Would like participate
233,Businessman Hi David XYZ Bank limitedtime offer credit cards exclusive benefits interested upgrading
234,Family Member Hi s sister wanted share exciting news m getting married next year Save date
235,Friend Hey s Lily came across interesting workshop photography Would like join improve photography skills
236,Organization Hello local theater group re performing classic play next week Would like experience magic live theater
237,Businessman Hello Sarah ABC Solutions offer range services anything specific re looking improve company s technology infrastructure
238,Family Member Hi s grandpa wanted share old stories Let s plan visit spend quality time together
239,Friend Hey s Jake heard s new fitness center opening nearby Shall join start fitness journey together
240,Organization Hello charity organization underprivileged children re organizing fundraising event Would like contribute good cause
241,Businessman Hi Robert XYZ Consulting recently conducted market analysis valuable insights share
242,Family Member Hi s cousin Amy m planning road trip next month Would like join explore new places
243,Friend Hey s Olivia found interesting article personal development Let s grab coffee discuss
244,Organization Hello local community center re hosting cooking workshop interested learning new recipes
245,Businessman Good morning John ABC Enterprises noticed nt updated software Let s discuss benefits upgrading
246,Family Member Hi s brother wanted check see re Let s plan sibling day soon
247,Friend Hey s Michael heard s new comedy club town Shall go good laugh
248,Organization Hello local art gallery re showcasing exhibition local artists Would like explore creative works
249,Businessman Hi Mark XYZ Bank re offering limitedtime cashback promotion credit cards interested saving
250,Family Member Hi s mom wanted remind doctor s appointment next week nt forget prepare questions
301,Businessman Good morning John XYZ Corporation recently launched new product thought might interest company Receiver Oh see Could provide details product
302,Family Member Hi s cousin Lisa Receiver Oh hey Lisa m well thanks
303,Friend Hey s Mike weekend Receiver Oh hey Mike nt specific plans
304,Organization Hello Red Cross re currently running blood donation drive area Would interested donating
305,Businessman Good morning Mark ABC Enterprises noticed recently inquired services good time discuss
306,Family Member Hi s Aunt Carol wanted invite cousin s graduation party next month able make
307,Friend Hey s Sarah heard s new café opened town Would like go try together
308,Organization Hi local library wanted inform upcoming book fair interested attending
309,Businessman Hello Robert XYZ Bank re offering special interest rate business loans Would like information
310,Family Member Hi s sister wanted let know mom dad planning family reunion next year Save date
311,Friend Hey s Alex found great deal vacation packages trip beach summer
312,Organization Hello Wildlife Conservation Society re seeking donations support efforts protecting endangered species
313,Businessman Hi David ABC Insurance wanted discuss new policies offer comprehensive coverage businesses like
314,Family Member Hi s uncle re barbecue weekend bring famous grilled chicken
315,Friend Hey s Emily bought tickets comedy show Would like join night laughter
316,Organization Hello local food bank re organizing food drive help families need Would interested making donation
317,Businessman Good afternoon Robert XYZ Consulting ve reviewed company s website suggestions improvement
318,Family Member Hi s grandma wanted check see re Let s catch soon
319,Friend Hey s Jason heard s new movie coming Shall plan movie night
320,Organization Hello charity organization children s education wanted update progress project supported
321,Businessman Hi Sarah ABC Solutions offer customized software development services looking enhance company s infrastructure
322,Family Member Hi s brother found old family photos Let s get together reminisce good times
323,Friend Hey s Jessica s new art exhibition opening Would like join opening night
324,Organization Hello local animal shelter wanted inform upcoming adoption event considering adding furry friend family
325,Businessman Hello John XYZ Bank noticed recently attended one webinars Would interested exploring product offerings
326,Family Member Hi s cousin Mike Long time talk s everything going
327,Friend Hey s Rachel stumbled upon great hiking trail Would like go adventure
328,Organization Hi local museum re hosting special exhibition modern art Would like visit explore artistic world
329,Businessman Hi Mark ABC Enterprises re launching new marketing campaign would like discuss partnership opportunities company
330,Family Member Hi s aunt m planning surprise birthday party mom help arrangements
331,Friend Hey s Brian found amazing recipe homemade pizza pizza night place
332,Organization Hello environmental conservation group re organizing treeplanting event neighborhood Would like participate
333,Businessman Hi David XYZ Bank limitedtime offer credit cards exclusive benefits interested upgrading
334,Family Member Hi s sister wanted share exciting news m getting married next year Save date
335,Friend Hey s Lily came across interesting workshop photography Would like join improve photography skills
336,Organization Hello local theater group re performing classic play next week Would like experience magic live theater
337,Businessman Hello Sarah ABC Solutions offer range services anything specific re looking improve company s technology infrastructure
338,Family Member Hi s grandpa wanted share old stories Let s plan visit spend quality time together
339,Friend Hey s Jake heard s new fitness center opening nearby Shall join start fitness journey together
340,Organization Hello charity organization underprivileged children re organizing fundraising event Would like contribute good cause
341,Businessman Hi Robert XYZ Consulting recently conducted market analysis valuable insights share
342,Family Member Hi s cousin Amy m planning road trip next month Would like join explore new places
343,Friend Hey s Olivia found interesting article personal development Let s grab coffee discuss
344,Organization Hello local community center re hosting cooking workshop interested learning new recipes
345,Businessman Good morning John ABC Enterprises noticed nt updated software Let s discuss benefits upgrading
346,Family Member Hi s brother wanted check see re Let s plan sibling day soon
347,Friend Hey s Michael heard s new comedy club town Shall go good laugh
348,Organization Hello local art gallery re showcasing exhibition local artists Would like explore creative works
349,Businessman Hi Mark XYZ Bank re offering limitedtime cashback promotion credit cards interested saving
350,Family Member Hi s mom wanted remind doctor s appointment next week nt forget prepare questions
